Date,Team,Opponent,Score,InStat Index,Goals,Chances,Chances successful,Fouls,Yellow cards,Red cards,Tactics,Offsides,Corners,Shots,Shots on target,Passes,Key passes,Key passes accurate,Crosses,Lost balls,Lost balls in own half,Ball recoveries,Ball recoveries in opponent's half,Team pressing,Entrances on opponent's half,Entrances on final third of opponent's half,Entrances to the opponent's box,Opponent's passes per defensive action,Accurate passes,Crosses accurate,xG (Expected goals),Opponent's xG,Net xG (xG - Opponent's xG),Expected points,xG conversion,xG per shot,Opponent's xG per shot,Opponent's xG per goal,xG per goal,Attacks - left flank,Attacks with shots - left flank,Attacks - center,Attacks with shots - center,Attacks - right flank,Attacks with shots - right flank,Positional attacks,Positional attacks with shots,Counter-attacks,Counter-attacks with a shot,Set pieces attacks,Attacks with shots - Set pieces attacks,Free-kick attacks,Free-kick attacks with shots,Corner attacks,Corner attacks with shots,Throw-in attacks,Throw-in attacks with shots,Free-kick shots,Goals - Free-kick attack,Penalties,"Penalties
 scored",Challenges,Challenges won,Defensive challenges,Defensive challenges won,"Challenges in defence won, %",Attacking challenges,Attacking challenges won,"Challenges in attack won, %",Air challenges,Air challenges won,Dribbles,Dribbles successful,Tackles,Tackles successful,Ball interceptions,Free ball pick ups,Total actions,Successful actions,Shots wide,Blocked shots,Shots on post / bar,Team pressing successful,Building-ups,Building-ups without pressing,High pressing,High pressing successful,Low pressing,Low pressing successful,"Ball possession, min","Ball possessions, quantity","Average duration of ball possession, min"
44469,Drake,vs Indiana,1 : 1,142,1,4,1,7,0,0,4-1-4-1,1,3,16,6,708,4,2,12,126,27,97,33,27,106,60,21,3.6,526,1,2.1,1.29,0.85,2,0.47,0.13,0.11,1.29,2.1,44,3,31,4,45,1,101,6,19,2,16,7,6,4,3,0,6,2,0,0,1,1,306,164,149,88,59%,157,76,48%,67,41,40,24,69,38,65,130,1278,918,5,5,0,18,61,29,7,5,20,13,44:01,181,0:15
44464,Drake,@ Evansville,1 : 1,147,1,6,1,18,2,0,4-1-4-1,1,2,22,6,514,7,4,12,100,21,84,12,15,84,54,21,1.96,401,5,1.99,1.4,0.59,2,0.5,0.09,0.12,1.4,1.99,31,3,34,8,43,4,92,12,16,4,11,5,5,3,3,1,3,1,0,0,0,0,255,129,117,70,60%,138,59,43%,47,30,59,34,47,30,99,87,1040,763,9,7,0,10,44,27,4,3,11,7,39:36,158,0:15
44458,Drake,vs Western Illinoi,0 : 0,141,0,5,0,15,1,0,4-2-3-1,8,5,12,5,461,10,4,9,122,31,93,23,25,89,47,14,3.8,290,2,1.13,1.53,-0.4,0.7,0,0.09,0.1,0,0,38,2,30,3,40,3,82,5,26,3,12,4,3,2,5,1,4,1,0,0,0,0,211,104,125,73,58%,86,31,36%,35,22,18,9,53,30,55,131,912,609,5,1,1,15,36,9,11,8,14,7,30:30,165,0:11
44456,Drake,vs UMKC,2 : 0,145,2,5,2,13,2,0,4-2-3-1,1,4,8,5,395,6,4,12,98,34,63,7,16,69,44,15,2.8,289,3,1.37,0.54,0.83,2,0.73,0.17,0.07,0,1.37,40,2,18,2,21,2,63,3,16,3,12,3,5,2,4,1,3,0,0,0,0,0,218,117,108,70,65%,110,47,43%,33,14,25,15,59,44,60,68,775,556,1,2,0,10,36,11,7,5,9,5,25:43,135,0:11
44451,Drake,vs Memphis,2 : 0,160,2,4,2,10,1,0,4-2-3-1,0,0,4,3,252,2,2,1,94,37,54,8,21,45,17,2,3.6,132,0,0.48,3.8,-3.32,0.1,4.2,0.12,0.13,0,0.24,18,0,24,3,19,0,50,2,11,1,4,1,4,1,0,0,0,0,0,0,0,0,176,75,114,51,45%,62,24,39%,49,21,8,5,46,22,81,50,602,357,1,0,0,11,32,13,9,7,12,4,18:40,120,0:09
44448,Drake,@ South Dakota,1 : 4,138,1,4,1,7,1,0,4-1-4-1,0,2,12,7,512,3,1,8,108,33,69,13,18,67,33,10,3,398,1,1.34,2.1,-0.79,0.5,0.75,0.11,0.21,0.71,1.34,43,2,23,3,30,2,85,6,11,1,8,3,5,2,2,1,1,0,1,0,0,0,243,114,123,70,57%,120,44,37%,28,16,34,16,68,38,74,76,969,694,2,3,0,13,58,23,6,6,12,7,31:10,145,0:13
44444,Drake,vs St. Thomas,1 : 0,152,1,7,1,12,0,0,4-2-3-1,3,6,14,7,491,8,4,18,107,21,81,20,26,106,63,18,4.2,352,3,1.96,0.39,1.57,2.7,0.51,0.14,0.05,0,1.96,47,1,32,5,33,1,91,5,21,2,21,7,7,1,6,3,8,3,0,0,0,0,212,108,92,48,52%,120,60,50%,54,24,29,17,27,19,54,109,914,650,6,1,0,16,34,8,7,7,19,9,30:17,160,0:11
44437,Drake,@ Iowa State,2 : 1,147,2,2,2,23,1,0,4-2-3-1,0,2,3,2,313,0,0,4,86,39,48,1,16,43,22,3,2.7,210,0,0.74,2,-1.26,0.3,2.7,0.25,0.11,2,0.37,19,0,22,0,24,0,55,0,10,0,6,3,4,3,2,0,0,0,0,0,0,0,178,71,90,45,50%,88,26,30%,43,14,15,4,36,21,80,69,683,446,0,1,0,6,40,11,8,2,8,4,21:08,123,0:10
44435,Drake,vs Minnesota,0 : 1,141,0,1,0,8,0,1,4-2-3-1,2,1,4,0,362,1,1,3,96,34,53,10,25,57,12,6,3.7,269,0,0.47,2.3,-1.81,0.1,0,0.12,0.13,2.3,0,21,0,13,0,39,3,66,3,7,0,8,1,3,1,1,0,4,0,0,0,0,0,207,108,108,65,60%,99,43,43%,37,20,11,7,44,26,52,77,743,519,3,0,1,12,49,5,3,1,22,11,23:09,126,0:11
44430,Drake,@ Creighton,0 : 2,139,0,2,0,14,2,0,4-2-3-1,1,2,5,2,313,0,0,4,88,39,56,10,18,51,19,6,4.7,207,0,0.37,3.1,-2.73,0.1,0,0.07,0.15,1.55,0,16,0,14,1,30,0,50,1,10,0,10,4,8,3,2,1,0,0,1,0,0,0,199,101,113,56,50%,86,45,52%,31,16,39,23,54,27,59,70,682,458,2,1,0,6,34,6,12,5,6,1,20:24,116,0:11
44458,Illinois State,vs Toledo,0 : 1,141,0,3,0,14,2,1,4-3-3d,2,1,10,0,400,7,2,10,115,38,86,16,21,59,27,6,3.2,268,1,0.47,1.76,-1.29,0.3,0,0.05,0.15,1.76,0,34,2,28,2,22,3,62,6,22,1,3,1,2,1,1,0,0,0,1,0,0,0,259,120,139,73,53%,120,47,39%,42,16,42,17,59,35,68,108,887,582,4,5,1,12,40,12,4,4,17,8,25:54,147,0:11
44451,Illinois State,@ Northern Illino,4 : 2,158,4,7,4,8,0,0,4-3-3d,0,5,21,11,421,9,2,8,108,36,80,31,36,88,41,9,3.6,304,2,2.1,1.5,0.58,2,1.92,0.1,0.11,0.75,0.52,32,1,34,10,33,5,65,9,34,7,15,4,9,2,5,1,1,1,2,0,0,0,234,114,128,72,56%,106,42,40%,45,21,51,28,64,32,64,88,876,612,7,2,1,27,45,12,12,10,24,17,26:12,154,0:10
44449,Illinois State,vs Northwestern,1 : 2,143,1,1,1,14,0,0,4-2-3-1,1,0,7,5,302,1,1,5,118,49,85,20,21,49,21,4,2.5,181,2,0.48,2.6,-2.08,0.1,2.1,0.07,0.17,1.28,0.48,19,3,27,2,18,1,49,4,15,2,4,1,4,1,0,0,0,0,1,0,0,0,223,112,134,86,64%,89,26,29%,50,26,13,4,51,36,82,101,744,499,2,0,0,10,38,9,5,3,16,7,21:01,146,0:09
44442,Illinois State,vs Utes,0 : 1,134,0,1,0,12,0,0,4-3-3d,2,2,9,2,284,5,0,10,99,39,72,23,32,50,25,6,4.4,180,6,0.47,2.8,-2.37,0.1,0,0.05,0.19,2.8,0,18,3,19,4,30,1,50,3,17,5,3,1,1,0,2,1,0,0,0,0,0,0,244,110,131,68,52%,113,42,37%,50,19,30,12,65,31,80,71,725,460,7,0,0,21,34,5,15,11,17,10,21:03,126,0:10
44437,Illinois State,vs Saint Louis Bil,0 : 2,145,0,1,0,9,0,0,4-3-3d,2,4,9,4,373,2,1,5,103,39,66,13,17,55,32,8,2.9,235,2,0.35,1.76,-1.41,0.3,0,0.04,0.11,0.88,0,20,1,20,4,32,2,56,6,16,1,9,1,5,1,4,0,0,0,1,0,0,0,214,116,106,66,62%,108,50,46%,43,19,30,19,36,21,52,85,773,513,4,1,0,8,47,7,3,1,14,7,22:14,144,0:09
44434,Illinois State,@ Western Illinoi,3 : 4,149,3,10,3,8,1,0,4-3-3d,5,5,16,7,455,7,5,11,93,22,71,12,22,62,39,14,2.8,341,5,2.6,2,0.6,2,1.14,0.16,0.08,0.51,0.88,29,4,24,6,30,2,68,7,15,5,7,3,2,0,5,3,0,0,0,0,0,0,212,100,116,58,50%,96,42,44%,30,14,27,14,25,15,74,65,882,619,8,1,0,16,45,30,5,4,17,12,30:54,130,0:14
44431,Illinois State,vs Illinois,1 : 5,150,1,3,1,6,1,0,4-3-3d,1,4,11,5,410,4,2,12,89,31,60,20,38,68,38,8,6,298,1,0.76,3.7,-2.98,0.1,1.32,0.07,0.15,0.75,0.76,25,4,31,4,22,1,64,6,14,3,7,2,1,0,4,2,2,0,0,0,0,0,185,85,113,52,46%,72,33,46%,25,10,32,18,61,24,56,89,797,555,5,1,0,24,41,12,21,12,17,12,25:36,119,0:13
44427,Illinois State,@ Eastern Michiga,4 : 0,191,4,12,4,6,0,0,4-3-3d,2,7,33,14,488,18,9,27,85,17,76,23,30,94,61,21,5.3,357,8,5.2,0.73,4.5,2.7,0.77,0.16,0.08,0,1.3,30,9,27,9,47,6,85,16,19,8,10,5,3,1,7,4,0,0,0,0,0,0,186,106,93,46,49%,93,60,65%,26,15,50,39,55,21,64,96,923,672,12,7,0,21,37,23,14,9,16,12,31:45,134,0:14
44469,Indiana State,@ Drake,1 : 1,139,1,6,1,17,1,0,4-2-3-1,0,3,12,5,433,5,4,9,131,44,93,13,32,76,39,11,4.1,271,3,1.29,2.1,-0.85,0.5,0.78,0.11,0.13,2.1,1.29,41,1,29,5,27,3,76,7,21,2,7,2,1,0,3,1,3,1,0,0,0,0,306,142,157,81,52%,149,61,41%,67,26,59,31,51,27,85,120,997,648,5,2,0,17,37,10,12,6,20,11,28:07,170,0:10
44451,Indiana State,vs Saint Louis Bil,0 : 3,134,0,1,0,7,0,0,4-2-3-1,1,1,10,2,391,1,1,4,119,40,79,12,24,63,18,9,3.9,263,2,0.85,2.7,-1.83,0.1,0,0.09,0.13,0.89,0,22,2,20,2,37,2,61,2,18,4,6,2,4,2,1,0,1,0,0,0,0,0,248,118,115,62,54%,133,56,42%,52,19,33,18,49,29,76,67,842,553,5,3,0,18,46,7,9,7,15,11,26:35,151,0:11
44450,Indiana State,@ Toledo,0 : 1,133,0,0,0,17,1,0,4-2-3-1,0,2,3,0,346,0,0,4,102,36,77,13,15,73,37,4,2.7,196,0,0.11,2,-1.92,0.1,0,0.04,0.12,2,0,24,0,24,1,34,1,69,1,13,1,12,1,5,0,2,0,5,1,0,0,0,0,244,116,120,63,53%,124,53,43%,55,26,37,18,59,35,84,118,842,537,2,1,0,7,26,10,5,4,10,3,24:50,141,0:11
44444,Indiana State,@ UNC,1 : 1,139,1,13,1,7,0,0,4-2-3-1,5,6,25,10,485,15,10,18,123,29,94,30,32,110,76,17,5.1,302,2,3.2,0.89,2.3,2.7,0.31,0.13,0.07,0.89,3.2,45,1,34,6,47,13,96,14,30,6,19,3,10,2,7,1,2,0,1,0,0,0,232,115,106,57,54%,126,58,46%,48,21,49,29,46,29,55,153,996,663,9,5,1,14,39,13,11,4,21,10,33:52,185,0:11
44442,Indiana State,@ Furman,1 : 0,153,1,3,1,7,0,0,4-2-3-1,0,3,17,10,282,0,0,8,98,30,80,12,31,55,36,4,7,174,0,1.98,1.41,0.57,2,0.51,0.12,0.07,0,1.98,21,1,21,5,31,4,58,6,15,4,5,3,2,1,3,2,0,0,1,0,0,0,260,115,155,65,42%,105,50,48%,27,16,48,27,78,24,46,102,763,479,4,2,1,11,25,10,10,4,21,7,24:12,124,0:12
44437,Indiana State,vs UT Martin,1 : 2,138,1,1,1,7,1,0,4-3-3d,2,3,3,3,353,4,1,7,111,21,80,19,37,63,30,8,5.2,217,0,0.2,1.12,-0.92,0.5,5,0.07,0.12,0.56,0.2,33,1,33,1,31,0,76,1,21,1,12,1,7,1,3,0,2,0,0,0,0,0,197,90,85,51,60%,112,39,35%,38,17,27,13,42,30,98,88,780,522,0,0,0,16,37,9,15,7,22,9,26:37,143,0:11
44431,Indiana State,@ Northern Illino,1 : 2,133,1,7,1,11,0,0,4-3-3d,1,2,13,7,406,8,6,15,122,36,83,26,27,89,59,11,3,265,6,1.36,1.26,0.1,1.5,0.74,0.1,0.1,0.63,1.36,43,4,40,6,35,2,85,8,33,4,5,1,3,0,2,1,0,0,0,0,0,0,280,130,141,78,55%,139,52,37%,48,20,46,21,70,46,66,115,939,621,6,0,0,21,43,13,15,14,12,7,'29,161,0:11
44427,Indiana State,@ Eastern Illinoi,3 : 1,143,3,5,3,6,3,0,4-3-3d,2,3,10,5,239,8,3,11,75,25,56,11,24,53,29,10,6,153,5,1.94,1.16,0.78,2,1.55,0.19,0.1,1.16,0.65,28,1,13,2,22,2,43,3,20,3,8,3,5,2,3,1,0,0,0,0,0,0,173,83,95,46,48%,78,37,47%,30,14,31,22,47,19,62,47,564,369,5,0,0,9,34,12,10,5,14,4,20:25,111,0:11
44451,Loyola,@ Xavier,1 : 2,145,1,4,1,13,0,0,4-4-2d,1,2,13,5,391,1,1,6,101,28,78,18,26,64,33,13,2.7,244,0,1.81,0.91,0.9,2,0.55,0.14,0.08,0.46,1.81,33,5,23,0,21,1,59,5,18,1,13,6,5,3,2,2,6,1,1,0,0,0,236,116,137,78,57%,99,38,38%,63,23,21,13,44,26,73,116,866,575,6,2,0,11,28,10,9,3,17,8,24:30,137,0:11
44448,Loyola,@ DePaul,1 : 0,161,1,3,1,8,1,0,4-4-2d,1,6,10,3,443,2,1,13,92,18,61,15,20,89,61,17,3.1,295,2,0.52,1.35,-0.83,0.5,1.92,0.05,0.12,0,0.52,36,2,15,1,39,2,78,4,12,1,26,4,4,0,6,2,16,2,0,0,0,0,175,84,88,55,63%,87,29,33%,50,16,20,12,34,26,62,116,839,586,4,3,0,8,26,7,8,3,12,5,30:26,145,0:13
44444,Loyola,@ Nebraska,0 : 3,141,0,2,0,11,1,0,4-4-2d,2,7,6,2,471,0,0,5,114,30,67,25,18,90,50,11,2.6,329,1,0.17,1.75,-1.58,0.1,0,0.03,0.13,0.58,0,45,1,23,2,26,0,81,3,13,0,21,2,2,0,7,2,12,0,0,0,0,0,222,105,100,59,59%,122,46,38%,54,18,38,16,41,25,74,96,910,626,1,3,0,12,36,8,7,5,11,7,28:19,151,0:11
44442,Loyola,vs Wisconsin,0 : 0,154,0,4,0,14,0,0,4-4-2d,0,8,9,4,497,2,2,12,123,30,76,18,35,84,44,15,3.9,329,2,0.78,1.35,-0.57,0.5,0,0.09,0.09,0,0,49,0,25,2,32,3,81,2,25,3,20,4,2,0,8,4,10,0,0,0,0,0,312,151,154,91,59%,158,60,38%,92,46,24,11,39,26,66,128,1057,690,3,2,0,14,50,9,17,7,18,7,27:49,168,0:10
44437,Loyola,@ Florida,2 : 0,148,2,6,2,7,1,0,4-4-2d,1,6,17,5,311,8,3,6,70,22,63,23,23,66,50,22,3.6,211,1,2.2,0.22,1.93,2.7,0.93,0.13,0.04,0,1.08,30,3,9,2,25,5,42,7,22,4,16,5,4,2,6,2,6,1,0,0,0,0,132,74,59,43,73%,73,31,42%,20,12,25,12,23,15,53,71,599,425,4,7,1,14,23,3,16,10,7,4,19:46,111,0:11
44430,Loyola,vs SIUE,3 : 0,182,3,16,3,12,0,0,4-4-2d,4,12,26,12,446,18,9,20,85,23,87,27,23,95,72,37,2.4,320,10,4.2,0.81,3.3,2.7,0.72,0.16,0.08,0,1.38,51,10,12,3,31,2,72,12,22,4,25,11,4,4,12,6,9,1,1,0,0,0,196,97,82,43,52%,114,54,47%,49,20,23,20,24,14,86,96,883,632,8,5,1,12,25,7,7,3,16,9,28:55,145,0:12
44427,Loyola,@ Miami,2 : 1,165,2,5,2,4,0,0,4-4-2d,0,6,10,5,490,7,4,16,104,15,80,28,32,105,65,16,4.5,360,4,1.62,0.82,0.8,2,1.23,0.16,0.21,0.82,0.81,42,2,19,2,48,3,91,5,18,2,16,3,1,0,6,2,9,1,0,0,0,0,218,106,101,63,62%,117,43,37%,58,25,23,11,29,23,67,90,920,657,4,1,0,23,36,12,16,12,16,11,31:36,154,0:12
44464,UE,vs Drake,1 : 1,142,1,4,1,11,0,0,4-2-3-1,2,4,13,6,357,2,2,15,116,21,81,12,17,82,45,15,4.1,227,2,1.4,1.99,-0.59,0.5,0.71,0.12,0.09,1.99,1.4,28,3,33,3,34,2,76,8,19,0,13,5,8,3,4,1,0,0,1,0,1,0,255,126,138,79,57%,117,47,40%,47,17,33,17,84,50,87,82,837,552,2,5,0,10,24,9,6,5,11,5,29:38,154,0:12
44451,UE,vs SIUE,0 : 2,132,0,0,0,4,0,0,4-3-3d,1,1,4,1,325,0,0,4,116,34,80,13,25,49,25,6,3.3,175,1,0.17,1.94,-1.77,0.1,0,0.04,0.09,0.97,0,19,0,28,3,21,0,55,3,13,0,7,1,5,0,1,1,1,0,0,0,0,0,218,107,114,66,58%,104,41,39%,50,19,25,10,43,37,81,90,739,463,3,0,0,14,26,5,3,2,22,12,23:03,144,0:10
44449,UE,@ Austin Peay,1 : 1,136,1,1,1,6,1,0,4-2-3-1,1,4,12,3,410,2,0,6,138,21,95,30,39,94,46,15,8,241,2,0.47,0.54,-0.07,0.7,2.1,0.04,0.05,0.54,0.47,37,0,36,6,45,4,98,6,20,4,4,2,0,0,4,2,0,0,0,0,0,0,193,96,95,58,61%,98,38,39%,19,8,30,17,52,36,116,70,834,545,4,5,0,25,19,6,18,12,21,13,28:57,175,0:10
44444,UE,@ Northern Kentuc,1 : 1,144,1,6,1,7,0,0,4-3-3d,4,4,15,9,474,7,4,4,125,39,90,11,26,79,37,10,3.4,303,1,1,2.3,-1.33,0.3,1,0.07,0.12,2.3,1,30,5,34,2,43,3,90,7,17,3,9,3,3,1,4,2,2,0,1,0,0,0,213,99,108,62,57%,105,37,35%,53,19,20,11,45,31,88,102,932,615,2,3,1,11,40,15,6,4,20,7,33:18,168,0:12
44442,UE,vs Southeast,1 : 0,154,1,4,1,4,0,0,4-3-3d,1,3,9,5,318,7,4,10,85,15,64,9,34,60,31,9,4.4,209,4,1.16,0.83,0.33,1.5,0.86,0.13,0.04,0,1.16,24,1,23,3,26,0,63,3,10,1,7,5,3,2,3,3,1,0,0,0,0,0,148,69,69,35,51%,79,34,43%,25,10,33,10,30,18,100,57,668,456,2,2,0,15,23,5,17,10,17,5,22:32,114,0:12
44437,UE,@ Middle,3 : 2,152,3,6,3,12,2,0,4-2-3-1,0,6,10,6,369,2,1,2,100,24,78,13,21,63,31,8,5,258,0,0.67,2.6,-1.89,0.1,4.5,0.07,0.09,1.28,0.22,24,2,28,3,23,0,55,3,20,2,12,5,4,1,6,3,2,1,1,0,0,0,177,77,106,60,57%,71,17,24%,29,14,21,5,60,34,69,80,747,507,2,2,0,11,33,12,6,4,15,7,23:09,134,0:10
44435,UE,@ Morehead,1 : 0,145,1,2,1,3,1,0,4-1-4-1,1,2,10,3,311,3,2,1,106,32,66,14,23,56,30,10,3.4,197,0,0.37,3.8,-3.39,0.1,2.7,0.04,0.22,0,0.37,16,1,32,3,27,5,62,5,13,4,5,1,3,1,2,0,0,0,0,0,0,0,197,87,96,51,53%,101,36,36%,50,19,17,6,40,25,79,84,715,468,6,1,0,9,20,7,9,5,14,4,20:59,134,0:09
44430,UE,vs Belmont,3 : 0,160,3,7,3,3,0,0,4-1-4-1,0,5,10,5,288,6,4,3,98,27,60,8,25,55,29,11,3.6,177,1,1.81,0.55,1.26,2.3,1.66,0.18,0.04,0,0.6,28,0,24,2,13,1,55,3,10,0,12,7,5,2,5,4,2,1,2,0,0,0,146,85,78,57,73%,68,28,41%,35,18,9,5,30,23,74,61,604,417,3,2,0,13,35,12,8,5,17,8,19:44,130,0:09
44427,UE,@ Bellarmine,1 : 1,148,1,8,1,6,1,0,4-1-4-1,2,6,15,8,555,11,5,18,141,39,89,13,32,83,46,13,3.7,355,4,1.71,1.47,0.24,1.5,0.58,0.11,0.11,1.47,1.71,47,5,28,2,42,3,96,8,21,2,11,3,5,2,6,1,0,0,1,0,0,0,174,88,102,60,59%,72,28,39%,51,25,11,6,35,28,115,102,1011,690,3,4,0,16,46,16,4,2,28,14,30:42,177,0:10
44451,SIU,vs Bellarmine,0 : 2,126,0,3,0,9,0,0,4-2-3-1,2,3,7,3,431,2,2,6,117,32,85,23,29,81,36,8,3.3,298,1,0.35,0.21,0.14,1.5,0,0.05,0.04,0.21,0,45,2,18,3,35,0,79,5,19,0,5,2,2,1,3,1,0,0,1,0,0,0,212,108,104,60,58%,108,48,44%,46,23,27,16,31,18,71,86,847,583,4,0,0,19,34,10,7,5,22,14,29:47,154,0:12
44449,SIU,@ SIUE,0 : 5,126,0,2,0,8,0,0,4-3-3d,0,4,8,3,334,0,0,6,114,53,64,11,18,55,28,7,2.6,228,1,0.88,3.6,-2.76,0.1,0,0.11,0.14,0.73,0,26,1,27,3,21,1,57,2,17,3,8,2,2,1,4,1,2,0,1,0,0,0,267,120,141,72,51%,126,48,38%,63,24,24,11,51,32,62,76,783,508,3,1,1,10,48,9,5,4,13,6,22:14,137,0:10
44445,SIU,@ Lipscomb,0 : 4,122,0,0,0,7,1,0,3-5-2,0,1,6,2,357,0,0,0,111,37,65,7,27,49,12,0,3.3,230,0,0.14,5.4,-5.25,0.1,0,0.02,0.16,1.35,0,28,1,31,2,20,2,63,5,16,0,7,1,5,1,1,0,1,0,0,0,0,0,181,80,90,42,47%,91,38,42%,35,14,25,13,45,18,74,92,753,496,3,1,0,17,59,11,13,8,14,9,24:29,142,0:10
44442,SIU,@ Vanderbilt,0 : 5,135,0,0,0,4,0,0,3-5-2*,0,1,3,0,219,3,0,2,88,32,48,9,18,38,9,4,5.7,132,1,0.37,5.2,-4.78,0.1,0,0.12,0.21,1.03,0,14,1,11,1,19,0,36,1,8,1,5,0,3,0,1,0,1,0,0,0,0,0,164,67,99,40,40%,65,27,42%,41,12,20,10,35,19,45,62,514,317,1,2,0,4,37,14,8,2,10,2,13:57,107,0:08
44436,SIU,vs UMKC,2 : 3,128,2,2,2,12,0,0,4-3-3d,2,1,10,4,404,4,1,8,113,35,76,15,23,70,39,6,3.1,275,1,0.66,2.2,-1.52,0.1,3,0.07,0.2,0.73,0.33,32,2,30,3,28,2,76,6,14,1,7,3,3,2,1,0,3,1,1,1,0,0,234,113,112,59,53%,122,54,44%,59,26,39,22,47,28,69,79,830,557,3,3,0,12,40,9,13,8,10,4,27:32,144,0:11
44430,SIU,@ North Alabama L,0 : 0,134,0,8,0,6,0,0,4-3-3d,5,6,11,7,504,8,6,14,130,38,89,21,22,91,56,16,3.5,336,2,0.88,1.4,-0.52,0.5,0,0.09,0.16,0,0,45,2,21,0,33,2,77,1,22,3,21,7,5,3,6,3,10,1,0,0,0,0,235,116,115,66,57%,120,50,42%,52,24,24,14,43,27,57,129,977,666,4,0,0,11,54,25,9,5,13,6,32:53,180,0:11
44428,SIU,@ UT Martin,0 : 2,133,0,2,0,11,0,0,4-3-3d,1,2,2,1,351,1,1,6,116,44,73,12,21,63,16,3,3.1,205,3,0.04,0.72,-0.68,0.5,0,0.02,0.07,0.36,0,31,0,27,1,24,0,59,1,23,0,9,1,7,1,2,0,0,0,1,0,0,0,185,83,84,35,42%,101,48,48%,51,23,29,15,51,22,100,79,752,476,0,0,1,12,44,11,9,5,12,7,21:48,142,0:09
44451,UNI,@ South Dakota,0 : 1,129,0,0,0,4,0,0,4-4-2c,1,4,15,3,456,5,0,9,123,38,73,19,20,73,34,9,3.2,304,2,0.88,0.44,0.44,1.5,0,0.06,0.07,0.44,0,25,1,40,9,38,2,83,8,20,4,9,2,2,0,4,2,3,0,0,0,0,0,203,105,103,65,63%,100,40,40%,29,18,29,16,59,38,62,120,899,609,6,6,0,11,52,13,5,3,15,8,28:46,157,0:11
44450,UNI,@ South Dakota,1 : 4,128,1,1,1,5,1,0,4-4-2c,0,2,6,2,306,0,0,8,99,38,68,14,37,53,25,7,4,210,1,0.38,3,-2.62,0.1,2.6,0.06,0.16,0.75,0.38,19,0,19,2,29,2,53,3,14,1,5,1,3,1,2,0,0,0,0,0,0,0,189,96,111,72,65%,78,24,31%,29,14,10,5,66,46,72,48,648,440,1,3,0,16,30,12,22,11,15,5,21:56,129,0:10
44444,UNI,vs South Dakota,0 : 1,133,0,4,0,6,0,0,4-2-3-1,1,5,16,5,356,1,1,8,91,20,56,12,11,70,40,7,3.6,224,1,1.07,1.81,-0.74,0.5,0,0.07,0.26,1.81,0,21,0,23,3,34,5,68,7,10,1,17,8,9,4,5,2,3,2,2,0,0,0,132,69,65,39,60%,67,30,45%,13,8,22,14,31,21,38,97,665,443,6,5,0,6,28,12,7,5,4,1,22:56,130,0:11
44437,UNI,vs Western Illinoi,3 : 4,133,3,6,3,10,1,0,4-4-2d,1,7,18,9,425,5,2,12,114,30,83,25,15,86,41,16,3.9,286,2,2.1,3.1,-0.98,0.5,1.41,0.12,0.17,0.78,0.71,43,4,31,6,27,3,82,7,19,6,11,5,2,1,7,4,2,0,1,0,0,0,227,101,108,55,51%,119,46,39%,42,20,46,22,56,31,73,122,928,618,5,4,0,11,33,15,6,6,9,5,26:16,156,0:10
44433,UNI,@ St. Thomas,0 : 0,141,0,1,0,4,0,0,4-2-3-1,0,5,21,7,552,0,0,12,129,39,104,25,26,97,49,6,2.6,408,2,1.18,0.89,0.29,1.5,0,0.06,0.08,0,0,35,1,40,11,44,3,88,8,31,7,9,4,4,3,5,1,0,0,2,0,0,0,192,85,94,65,69%,98,20,20%,50,25,8,3,40,34,127,79,1004,734,11,3,0,19,57,24,7,7,19,12,37:30,181,0:12
44428,UNI,@ Omaha,0 : 1,132,0,0,0,12,0,0,4-2-3-1,1,1,3,0,339,0,0,4,105,40,72,13,30,49,20,3,2.9,220,0,0.06,1.22,-1.16,0.3,0,0.02,0.15,1.22,0,32,1,10,1,28,1,60,1,10,2,2,0,0,0,1,0,1,0,0,0,0,0,203,108,114,72,63%,89,36,40%,45,23,29,17,53,34,97,60,751,504,3,0,0,13,45,9,14,7,16,6,22:14,137,0:10
44450,Valpo,vs Western Illinoi,1 : 2,138,1,2,1,16,2,0,4-3-3d,4,1,7,3,520,4,1,14,112,25,83,18,23,74,40,11,2.9,382,4,0.91,1.89,-0.98,0.5,1.1,0.13,0.09,0.95,0.91,21,2,24,1,55,3,73,5,27,1,8,1,4,0,1,0,3,1,0,0,0,0,229,117,122,63,52%,107,54,50%,42,23,49,30,53,24,82,91,975,698,3,1,0,11,54,29,8,4,15,7,32:23,144,0:14
44444,Valpo,vs St. Bonaventure,3 : 0,149,3,6,3,11,1,0,4-2-3-1,0,8,24,14,410,4,4,12,88,24,76,26,25,80,54,18,3.7,300,2,2.7,0.74,1.98,2.7,1.1,0.11,0.11,0,0.91,31,6,21,4,35,7,62,10,25,8,14,5,6,4,8,1,0,0,1,0,0,0,140,68,68,44,65%,72,24,33%,34,19,13,6,26,22,85,80,763,566,7,3,0,13,30,16,12,8,13,5,'27,130,0:12
44443,Valpo,vs Northern Illino,0 : 1,131,0,3,0,12,0,0,4-3-3d,2,5,15,8,452,6,3,6,96,29,66,14,18,75,44,14,3.2,329,1,1.38,0.59,0.79,2,0,0.09,0.05,0.59,0,22,1,19,4,46,8,70,10,17,3,11,2,5,1,5,1,1,0,0,0,0,0,170,78,87,46,53%,83,32,39%,33,13,37,15,46,26,58,98,833,596,1,5,1,13,41,9,3,3,15,10,28:11,136,0:12
44437,Valpo,@ Robert Morris,2 : 1,146,2,5,2,10,0,0,4-2-3-1,1,5,11,4,377,5,3,8,84,17,66,19,39,61,40,9,4.4,289,1,1.91,1.57,0.34,1.5,1.05,0.17,0.1,1.57,0.96,21,2,22,5,33,2,59,3,17,6,8,2,3,2,5,0,0,0,1,0,0,0,154,82,80,43,54%,74,39,53%,22,11,16,12,25,17,58,63,717,523,6,0,1,22,44,23,26,15,13,7,27:57,110,0:15
44436,Valpo,@ Duquesne,2 : 2,151,2,6,2,14,0,0,3-5-2,2,7,25,9,515,3,1,10,118,29,95,20,27,102,66,22,3.9,365,3,2,1.79,0.23,1.5,0.99,0.08,0.1,0.9,1.01,35,5,53,10,28,2,95,10,21,7,16,8,7,4,7,4,2,0,4,1,0,0,213,110,100,64,64%,113,46,41%,35,19,29,13,45,30,70,131,1010,725,9,6,1,17,32,15,14,9,13,8,33:58,167,0:12
44430,Valpo,vs Ball State,1 : 3,141,1,4,1,13,1,0,4-3-3d,3,1,10,7,375,6,3,5,109,27,73,22,33,63,25,6,4.5,245,1,0.65,2.8,-2.17,0.1,1.54,0.07,0.18,0.94,0.65,28,7,24,1,19,1,50,7,21,2,7,1,3,0,1,0,3,1,0,0,0,0,184,92,112,61,54%,72,31,43%,21,13,27,10,49,30,58,94,757,516,2,1,0,22,39,9,18,12,15,10,22:26,136,0:10
44428,Valpo,@ Indiana,0 : 1,142,0,1,0,4,0,0,4-3-3d,1,1,3,2,367,0,0,3,95,37,64,8,13,32,8,2,3.9,236,1,0.19,2.1,-1.92,0.1,0,0.06,0.14,2.1,0,18,0,12,1,20,2,36,1,14,2,2,0,1,0,1,0,0,0,0,0,0,0,146,77,93,58,62%,53,19,36%,27,11,14,8,46,34,70,88,714,493,0,1,0,7,37,16,2,0,11,7,21:23,111,0:12
